threshold,accuracy,precision,recall,f1,f2,tn,fp,fn,tp,model
0.1,0.4742634007809727,0.3336357450669086,0.9839464882943144,0.49830623306233063,0.7079603426701319,1201,2938,24,1471,Balanced Logistic Regression
0.15,0.5365637202697906,0.3612630532073595,0.9719063545150501,0.5267355446800798,0.7263547290541892,1570,2569,42,1453,Balanced Logistic Regression
0.2,0.5811146609868655,0.38401716277822473,0.9578595317725752,0.5482388973966309,0.7374600885776084,1842,2297,63,1432,Balanced Logistic Regression
0.25,0.6150159744408946,0.4032721010332951,0.939799331103679,0.5643703554930709,0.7422865595942519,2060,2079,90,1405,Balanced Logistic Regression
0.3,0.64572239971601,0.4232771822358346,0.9244147157190635,0.5806722689075631,0.7474310438074635,2256,1883,113,1382,Balanced Logistic Regression
0.35,0.6790912318068868,0.44802391232148786,0.9023411371237459,0.598757212605415,0.750194639083528,2477,1662,146,1349,Balanced Logistic Regression
0.4,0.7066027689030884,0.47110460863204096,0.8615384615384616,0.6091274532986521,0.7390406242827634,2693,1446,207,1288,Balanced Logistic Regression
0.45,0.7294994675186368,0.4942254082039028,0.8301003344481606,0.6195706440339491,0.7307737604522435,2869,1270,254,1241,Balanced Logistic Regression
0.5,0.7507987220447284,0.5198257080610021,0.7979933110367893,0.6295514511873351,0.720845921450151,3037,1102,302,1193,Balanced Logistic Regression
0.55,0.7685481008164714,0.5456282847587195,0.7638795986622073,0.6365663322185061,0.707295924687229,3188,951,353,1142,Balanced Logistic Regression
0.6,0.7843450479233227,0.5756756756756757,0.7123745819397993,0.6367713004484304,0.6800766283524904,3354,785,430,1065,Balanced Logistic Regression
0.65,0.7930422435214768,0.6001217285453438,0.6595317725752509,0.6284257488846399,0.646727010363374,3482,657,509,986,Balanced Logistic Regression
0.7,0.7994320198793042,0.6327272727272727,0.5819397993311036,0.6062717770034843,0.5914343983684568,3634,505,625,870,Balanced Logistic Regression
0.75,0.8020944266950657,0.6649305555555556,0.5123745819397993,0.5787684170759351,0.5370162647223781,3753,386,729,766,Balanced Logistic Regression
0.8,0.7967696130635428,0.712378640776699,0.39264214046822743,0.50625269512721,0.4313639035861258,3902,237,908,587,Balanced Logistic Regression
0.85,0.7779552715654952,0.7563025210084033,0.2408026755852843,0.365296803652968,0.2788104089219331,4023,116,1135,360,Balanced Logistic Regression
0.9,0.749378771742989,0.8738738738738738,0.06488294314381271,0.12079701120797011,0.07962567722869808,4125,14,1398,97,Balanced Logistic Regression
0.1,0.6222932197373092,0.40769903762029747,0.9351170568561873,0.5678310316815597,0.7429057285577638,2108,2031,97,1398,Gradient Boosting
0.15,0.6826411075612353,0.45059021922428333,0.8936454849498328,0.5991031390134529,0.7467859139183901,2510,1629,159,1336,Gradient Boosting
0.2,0.7202697905573305,0.4845831747240198,0.8515050167224081,0.6176613294517225,0.739514348785872,2785,1354,222,1273,Gradient Boosting
0.25,0.745651402200923,0.513135593220339,0.8100334448160535,0.6282749675745785,0.7260191846522782,2990,1149,284,1211,Gradient Boosting
0.3,0.7681931132410366,0.5456742387626873,0.7551839464882943,0.6335578002244668,0.7013293576841844,3199,940,366,1129,Gradient Boosting
0.35,0.7855875044373447,0.5790633608815428,0.703010033444816,0.6350453172205438,0.6741500962155228,3375,764,444,1051,Gradient Boosting
0.4,0.7987220447284346,0.6156310057655349,0.642809364548495,0.6289267015706806,0.6371833974273969,3539,600,534,961,Gradient Boosting
0.45,0.8019169329073482,0.6378181818181818,0.5866220735785953,0.6111498257839721,0.5961930659415363,3641,498,618,877,Gradient Boosting
0.5,0.8031593894213702,0.6613712374581939,0.5290969899665552,0.5878855444072836,0.5511426978818283,3734,405,704,791,Gradient Boosting
0.55,0.8008519701810437,0.6889564336372846,0.45484949832775917,0.547945205479452,0.4880149275154299,3832,307,815,680,Gradient Boosting
0.6,0.7942847000354988,0.7058823529411765,0.38528428093645484,0.4984855041107746,0.42377869334902885,3899,240,919,576,Gradient Boosting
0.65,0.7914447994320198,0.7531645569620253,0.3183946488294314,0.44757874941231784,0.3599516031457955,3983,156,1019,476,Gradient Boosting
0.7,0.7823926162584309,0.7750511247443763,0.2535117056856187,0.38205645161290325,0.29293553872314115,4029,110,1116,379,Gradient Boosting
0.75,0.7735179268725595,0.8192419825072886,0.1879598662207358,0.3057671381936888,0.22220464969160209,4077,62,1214,281,Gradient Boosting
0.8,0.763400780972666,0.8785046728971962,0.12575250836120402,0.22001170275014628,0.1517597675169519,4113,26,1307,188,Gradient Boosting
0.85,0.7476038338658147,0.8924731182795699,0.05551839464882943,0.10453400503778337,0.06833525440474231,4129,10,1412,83,Gradient Boosting
0.9,0.7369542066027689,0.8823529411764706,0.010033444816053512,0.01984126984126984,0.01250625312656328,4137,2,1480,15,Gradient Boosting
